{"features": {"amount": {"psi": 0.0, "js": 0.0}, "merchant_risk": {"psi": 0.0, "js": 0.0}, "txn_count_1m_user": {"psi": 7.206086079293781, "js": 0.16389659003355964}, "txn_count_5m_user": {"psi": 7.206086079293781, "js": 0.16389659003355964}, "txn_count_1h_user": {"psi": 7.206086079293781, "js": 0.16389659003355964}, "sum_amount_1h_user": {"psi": 3.4068771084540663, "js": 0.07488176162235428}, "avg_amount_24h_user": {"psi": 0.0, "js": 0.0}, "unique_merchants_24h_user": {"psi": 0.0, "js": 0.0}, "geo_switch_24h_user": {"psi": 0.0, "js": 0.0}, "device_switch_24h_user": {"psi": 0.0, "js": 0.0}, "txn_count_1h_device": {"psi": 7.206086079293781, "js": 0.16389659003355964}, "sum_amount_1h_device": {"psi": 3.4068771084540663, "js": 0.07488176162235428}, "text_len": {"psi": 0.0, "js": 0.0}, "url_count": {"psi": 0.0, "js": 0.0}, "suspicious_word_hits": {"psi": 0.0, "js": 0.0}, "subject_len": {"psi": 0.0, "js": 0.0}, "body_len": {"psi": 0.0, "js": 0.0}, "link_count": {"psi": 0.0, "js": 0.0}, "sender_domain_risk": {"psi": 0.0, "js": 0.0}}, "aggregate": {"drift_score": 0.17726559391001984, "avg_psi": 1.8756893965306976, "avg_js": 0.04238683596731301, "n_features": 19}}