{"roc_auc": 0.6666666666666666, "pr_auc": 0.8666666666666667, "precision_at_100": 0.6, "precision_at_500": 0.6, "precision_at_1000": 0.6}