{"score":0.004435815526308063,"is_alert":false,"threshold":0.85,"reasons":["text_len","url_count","suspicious_word_hits"],"latency_ms":0.8185109982150607}