{"score":0.002900473729080121,"is_alert":false,"threshold":0.85,"reasons":["subject_len","body_len","link_count"],"latency_ms":0.7288939996215049}